{"action": {"mean": [0.00023911955941002816, 0.00010542781819822267, -0.00014735352306161076, -0.00013288079935591668, -0.00013458653120324016, 0.0002673941489774734, 0.5869023203849792], "std": [0.009466100484132767, 0.013625471852719784, 0.012528958730399609, 0.02769298478960991, 0.029742317274212837, 0.06276955455541611, 0.49231037497520447], "max": [0.0519820898771286, 0.06242756545543671, 0.0686211884021759, 0.2857111990451813, 0.30824950337409973, 0.33240339159965515, 1.0], "min": [-0.052665919065475464, -0.06038340926170349, -0.06017656996846199, -0.3076122999191284, -0.28577685356140137, -0.31385719776153564, 0.0]}, "proprio": {"mean": [0.3100062906742096, 0.02781166322529316, 0.06483425945043564, 0.0030872102361172438, -0.08083359897136688, 0.14106525480747223, 0.7111846804618835], "std": [0.060287944972515106, 0.09087351709604263, 0.05314456671476364, 0.14171741902828217, 0.17285557091236115, 0.6007247567176819, 0.3548780381679535], "max": [0.5344809293746948, 0.3472396731376648, 0.3010485768318176, 1.0344618558883667, 0.8165661096572876, 2.957794666290283, 1.0330387353897095], "min": [0.11285565048456192, -0.27958929538726807, -0.12461444735527039, -2.069500684738159, -1.4283884763717651, -2.8901846408843994, 0.04760842025279999]}}