{"action": {"mean": [0.00012891189544461668, 0.00010035491868620738, -0.00015019574493635446, -0.00018417781393509358, -0.0002400921075604856, 0.00013173317711334676, 0.5906339287757874], "std": [0.009672630578279495, 0.013285706751048565, 0.012373167090117931, 0.028215914964675903, 0.03016345575451851, 0.09589528292417526, 0.49164891242980957], "max": [0.05557692050933838, 0.07164372503757477, 0.06473982334136963, 0.5934377908706665, 0.26605647802352905, 6.221773624420166, 1.0], "min": [-0.05886435508728027, -0.09715234488248825, -0.05520486831665039, -0.4298969507217407, -0.2879984378814697, -6.220444679260254, 0.0]}, "proprio": {"mean": [0.3103633224964142, 0.035184096544981, 0.06535433977842331, 0.006950925569981337, -0.08379708975553513, 0.12431137263774872, 0.7158395051956177], "std": [0.061819132417440414, 0.09109294414520264, 0.052283305674791336, 0.1334407478570938, 0.1703319102525711, 0.5905038714408875, 0.350422203540802], "max": [0.5633994340896606, 0.33351343870162964, 0.29384732246398926, 0.8802209496498108, 0.9246906638145447, 3.12495756149292, 1.0248075723648071], "min": [0.10003387928009033, -0.24939371645450592, -0.15219341218471527, -1.0723495483398438, -1.4552637338638306, -3.136183023452759, 0.04810556024312973]}}